<Anims>
 <anim name="shine" root="coin_1" numframes="1000" framerate="40">
  <frame idx="0" w="71" h="76" x="0.143040" y="-4.603264">
   <element name="coin_1" layername="coin" frame="0" z_index="3" m_a="1.000000" m_b="0.000000" m_c="0.000000" m_d="1.000000" m_tx="0.000000" m_ty="0.000000"/>
  </frame>
  <frame idx="25" w="71" h="76" x="0.143040" y="-4.603264">
   <element name="coin_1" layername="coin" frame="0" z_index="3" m_a="1.000000" m_b="0.000000" m_c="0.000000" m_d="1.000000" m_tx="0.000000" m_ty="0.000000"/>
  </frame>
  <frame idx="50" w="71" h="76" x="0.143040" y="-4.603264">
   <element name="coin_1" layername="coin" frame="0" z_index="3" m_a="1.000000" m_b="0.000000" m_c="0.000000" m_d="1.000000" m_tx="0.000000" m_ty="0.000000"/>
  </frame>
  <frame idx="75" w="71" h="76" x="0.143040" y="-4.603264">
   <element name="coin_1" layername="coin" frame="0" z_index="3" m_a="1.000000" m_b="0.000000" m_c="0.000000" m_d="1.000000" m_tx="0.000000" m_ty="0.000000"/>
  </frame>
  <frame idx="100" w="71" h="76" x="0.143040" y="-4.603264">
   <element name="coin_1" layername="coin" frame="0" z_index="3" m_a="1.000000" m_b="0.000000" m_c="0.000000" m_d="1.000000" m_tx="0.000000" m_ty="0.000000"/>
  </frame>
  <frame idx="125" w="71" h="76" x="0.143040" y="-4.603264">
   <element name="coin_1" layername="coin" frame="0" z_index="3" m_a="1.000000" m_b="0.000000" m_c="0.000000" m_d="1.000000" m_tx="0.000000" m_ty="0.000000"/>
  </frame>
  <frame idx="150" w="71" h="76" x="0.143040" y="-4.603264">
   <element name="coin_1" layername="coin" frame="0" z_index="3" m_a="1.000000" m_b="0.000000" m_c="0.000000" m_d="1.000000" m_tx="0.000000" m_ty="0.000000"/>
  </frame>
  <frame idx="175" w="71" h="76" x="0.143040" y="-4.603264">
   <element name="coin_1" layername="coin" frame="0" z_index="3" m_a="1.000000" m_b="0.000000" m_c="0.000000" m_d="1.000000" m_tx="0.000000" m_ty="0.000000"/>
  </frame>
  <frame idx="200" w="71" h="76" x="0.143040" y="-4.603264">
   <element name="coin_1" layername="coin" frame="0" z_index="3" m_a="1.000000" m_b="0.000000" m_c="0.000000" m_d="1.000000" m_tx="0.000000" m_ty="0.000000"/>
  </frame>
  <frame idx="225" w="71" h="76" x="0.143040" y="-4.603264">
   <element name="coin_1" layername="coin" frame="0" z_index="3" m_a="1.000000" m_b="0.000000" m_c="0.000000" m_d="1.000000" m_tx="0.000000" m_ty="0.000000"/>
  </frame>
  <frame idx="250" w="71" h="76" x="0.143040" y="-4.603264">
   <element name="coin_1" layername="coin" frame="0" z_index="3" m_a="1.000000" m_b="0.000000" m_c="0.000000" m_d="1.000000" m_tx="0.000000" m_ty="0.000000"/>
  </frame>
  <frame idx="275" w="71" h="76" x="0.143040" y="-4.603264">
   <element name="coin_1" layername="coin" frame="0" z_index="3" m_a="1.000000" m_b="0.000000" m_c="0.000000" m_d="1.000000" m_tx="0.000000" m_ty="0.000000"/>
  </frame>
  <frame idx="300" w="71" h="76" x="0.143040" y="-4.603264">
   <element name="coin_1" layername="coin" frame="0" z_index="3" m_a="1.000000" m_b="0.000000" m_c="0.000000" m_d="1.000000" m_tx="0.000000" m_ty="0.000000"/>
  </frame>
  <frame idx="325" w="71" h="76" x="0.143040" y="-4.603264">
   <element name="coin_1" layername="coin" frame="0" z_index="3" m_a="1.000000" m_b="0.000000" m_c="0.000000" m_d="1.000000" m_tx="0.000000" m_ty="0.000000"/>
  </frame>
  <frame idx="350" w="71" h="76" x="0.143040" y="-4.603264">
   <element name="coin_1" layername="coin" frame="0" z_index="3" m_a="1.000000" m_b="0.000000" m_c="0.000000" m_d="1.000000" m_tx="0.000000" m_ty="0.000000"/>
  </frame>
  <frame idx="375" w="71" h="76" x="0.143040" y="-4.603264">
   <element name="coin_1" layername="coin" frame="0" z_index="3" m_a="1.000000" m_b="0.000000" m_c="0.000000" m_d="1.000000" m_tx="0.000000" m_ty="0.000000"/>
  </frame>
  <frame idx="400" w="71" h="76" x="0.143040" y="-4.603264">
   <element name="coin_1" layername="coin" frame="0" z_index="3" m_a="1.000000" m_b="0.000000" m_c="0.000000" m_d="1.000000" m_tx="0.000000" m_ty="0.000000"/>
  </frame>
  <frame idx="425" w="71" h="76" x="0.143040" y="-4.603264">
   <element name="coin_1" layername="coin" frame="0" z_index="3" m_a="1.000000" m_b="0.000000" m_c="0.000000" m_d="1.000000" m_tx="0.000000" m_ty="0.000000"/>
  </frame>
  <frame idx="450" w="71" h="76" x="0.143040" y="-4.603264">
   <element name="coin_1" layername="coin" frame="0" z_index="3" m_a="1.000000" m_b="0.000000" m_c="0.000000" m_d="1.000000" m_tx="0.000000" m_ty="0.000000"/>
  </frame>
  <frame idx="475" w="71" h="76" x="0.143040" y="-4.603264">
   <element name="coin_1" layername="coin" frame="0" z_index="3" m_a="1.000000" m_b="0.000000" m_c="0.000000" m_d="1.000000" m_tx="0.000000" m_ty="0.000000"/>
  </frame>
  <frame idx="500" w="71" h="76" x="0.143040" y="-4.603264">
   <element name="coin_1" layername="coin" frame="0" z_index="3" m_a="1.000000" m_b="0.000000" m_c="0.000000" m_d="1.000000" m_tx="0.000000" m_ty="0.000000"/>
   <element name="coin_1" layername="sparkle" frame="1" z_index="2" m_a="0.121467" m_b="-0.014225" m_c="0.014225" m_d="0.121467" m_tx="6.493959" m_ty="-14.524163"/>
  </frame>
  <frame idx="525" w="71" h="76" x="0.143040" y="-4.603264">
   <element name="coin_1" layername="coin" frame="0" z_index="3" m_a="1.000000" m_b="0.000000" m_c="0.000000" m_d="1.000000" m_tx="0.000000" m_ty="0.000000"/>
   <element name="coin_1" layername="sparkle" frame="1" z_index="2" m_a="0.160536" m_b="-0.064404" m_c="0.064404" m_d="0.160536" m_tx="3.543982" m_ty="-14.141663"/>
  </frame>
  <frame idx="550" w="71" h="76" x="0.143040" y="-4.603264">
   <element name="coin_1" layername="coin" frame="0" z_index="3" m_a="1.000000" m_b="0.000000" m_c="0.000000" m_d="1.000000" m_tx="0.000000" m_ty="0.000000"/>
   <element name="coin_1" layername="sparkle" frame="1" z_index="2" m_a="0.178520" m_b="-0.134720" m_c="0.134720" m_d="0.178520" m_tx="0.632305" m_ty="-12.395924"/>
  </frame>
  <frame idx="575" w="71" h="76" x="0.143040" y="-4.603264">
   <element name="coin_1" layername="coin" frame="0" z_index="3" m_a="1.000000" m_b="0.000000" m_c="0.000000" m_d="1.000000" m_tx="0.000000" m_ty="0.000000"/>
   <element name="coin_1" layername="sparkle" frame="1" z_index="2" m_a="0.168059" m_b="-0.216818" m_c="0.216818" m_d="0.168059" m_tx="-1.721494" m_ty="-9.322470"/>
  </frame>
  <frame idx="600" w="71" h="76" x="0.143040" y="-4.603264">
   <element name="coin_1" layername="coin" frame="0" z_index="3" m_a="1.000000" m_b="0.000000" m_c="0.000000" m_d="1.000000" m_tx="0.000000" m_ty="0.000000"/>
   <element name="coin_1" layername="sparkle" frame="1" z_index="2" m_a="0.124893" m_b="-0.300044" m_c="0.300044" m_d="0.124893" m_tx="-3.025208" m_ty="-5.135341"/>
  </frame>
  <frame idx="625" w="71" h="76" x="0.143040" y="-4.603264">
   <element name="coin_1" layername="coin" frame="0" z_index="3" m_a="1.000000" m_b="0.000000" m_c="0.000000" m_d="1.000000" m_tx="0.000000" m_ty="0.000000"/>
   <element name="coin_1" layername="sparkle" frame="1" z_index="2" m_a="0.048510" m_b="-0.372530" m_c="0.372530" m_d="0.048510" m_tx="-2.871235" m_ty="-0.212186"/>
  </frame>
  <frame idx="650" w="71" h="76" x="0.143040" y="-4.603264">
   <element name="coin_1" layername="coin" frame="0" z_index="3" m_a="1.000000" m_b="0.000000" m_c="0.000000" m_d="1.000000" m_tx="0.000000" m_ty="0.000000"/>
   <element name="coin_1" layername="sparkle" frame="1" z_index="2" m_a="-0.050479" m_b="-0.370402" m_c="0.370402" m_d="-0.050479" m_tx="0.489520" m_ty="2.974402"/>
  </frame>
  <frame idx="675" w="71" h="76" x="0.143040" y="-4.603264">
   <element name="coin_1" layername="coin" frame="0" z_index="3" m_a="1.000000" m_b="0.000000" m_c="0.000000" m_d="1.000000" m_tx="0.000000" m_ty="0.000000"/>
   <element name="coin_1" layername="sparkle" frame="1" z_index="2" m_a="-0.126084" m_b="-0.297907" m_c="0.297907" m_d="-0.126084" m_tx="5.388419" m_ty="3.052340"/>
  </frame>
  <frame idx="700" w="71" h="76" x="0.143040" y="-4.603264">
   <element name="coin_1" layername="coin" frame="0" z_index="3" m_a="1.000000" m_b="0.000000" m_c="0.000000" m_d="1.000000" m_tx="0.000000" m_ty="0.000000"/>
   <element name="coin_1" layername="sparkle" frame="1" z_index="2" m_a="-0.168617" m_b="-0.214899" m_c="0.214899" m_d="-0.168617" m_tx="9.533821" m_ty="1.692493"/>
  </frame>
  <frame idx="725" w="71" h="76" x="0.143040" y="-4.603264">
   <element name="coin_1" layername="coin" frame="0" z_index="3" m_a="1.000000" m_b="0.000000" m_c="0.000000" m_d="1.000000" m_tx="0.000000" m_ty="0.000000"/>
   <element name="coin_1" layername="sparkle" frame="1" z_index="2" m_a="-0.178646" m_b="-0.133168" m_c="0.133168" m_d="-0.178646" m_tx="12.556692" m_ty="-0.694478"/>
  </frame>
  <frame idx="750" w="71" h="76" x="0.143040" y="-4.603264">
   <element name="coin_1" layername="coin" frame="0" z_index="3" m_a="1.000000" m_b="0.000000" m_c="0.000000" m_d="1.000000" m_tx="0.000000" m_ty="0.000000"/>
   <element name="coin_1" layername="sparkle" frame="1" z_index="2" m_a="-0.160456" m_b="-0.063279" m_c="0.063279" m_d="-0.160456" m_tx="14.251793" m_ty="-3.616375"/>
  </frame>
  <frame idx="775" w="71" h="76" x="0.143040" y="-4.603264">
   <element name="coin_1" layername="coin" frame="0" z_index="3" m_a="1.000000" m_b="0.000000" m_c="0.000000" m_d="1.000000" m_tx="0.000000" m_ty="0.000000"/>
   <element name="coin_1" layername="sparkle" frame="1" z_index="2" m_a="-0.121400" m_b="-0.013496" m_c="0.013496" m_d="-0.121400" m_tx="14.591604" m_ty="-6.556524"/>
  </frame>
  <frame idx="800" w="71" h="76" x="0.143040" y="-4.603264">
   <element name="coin_1" layername="coin" frame="0" z_index="3" m_a="1.000000" m_b="0.000000" m_c="0.000000" m_d="1.000000" m_tx="0.000000" m_ty="0.000000"/>
   <element name="coin_1" layername="sparkle" frame="1" z_index="3" m_a="-0.098061" m_b="0.019596" m_c="-0.019596" m_d="-0.098061" m_tx="14.904693" m_ty="-8.424591"/>
  </frame>
  <frame idx="825" w="71" h="76" x="0.143040" y="-4.603264">
   <element name="coin_1" layername="coin" frame="0" z_index="3" m_a="1.000000" m_b="0.000000" m_c="0.000000" m_d="1.000000" m_tx="0.000000" m_ty="0.000000"/>
   <element name="coin_1" layername="sparkle" frame="1" z_index="3" m_a="-0.084444" m_b="0.053565" m_c="-0.053565" m_d="-0.084444" m_tx="15.569817" m_ty="-10.001938"/>
  </frame>
  <frame idx="850" w="71" h="76" x="0.143040" y="-4.603264">
   <element name="coin_1" layername="coin" frame="0" z_index="3" m_a="1.000000" m_b="0.000000" m_c="0.000000" m_d="1.000000" m_tx="0.000000" m_ty="0.000000"/>
   <element name="coin_1" layername="sparkle" frame="1" z_index="3" m_a="-0.059517" m_b="0.080360" m_c="-0.080360" m_d="-0.059517" m_tx="15.622883" m_ty="-11.712957"/>
  </frame>
  <frame idx="875" w="71" h="76" x="0.143040" y="-4.603264">
   <element name="coin_1" layername="coin" frame="0" z_index="3" m_a="1.000000" m_b="0.000000" m_c="0.000000" m_d="1.000000" m_tx="0.000000" m_ty="0.000000"/>
   <element name="coin_1" layername="sparkle" frame="1" z_index="3" m_a="-0.026618" m_b="0.096392" m_c="-0.096392" m_d="-0.026618" m_tx="15.056784" m_ty="-13.328488"/>
  </frame>
  <frame idx="900" w="71" h="76" x="0.143040" y="-4.603264">
   <element name="coin_1" layername="coin" frame="0" z_index="3" m_a="1.000000" m_b="0.000000" m_c="0.000000" m_d="1.000000" m_tx="0.000000" m_ty="0.000000"/>
   <element name="coin_1" layername="sparkle" frame="1" z_index="3" m_a="0.009846" m_b="0.099514" m_c="-0.099514" m_d="0.009846" m_tx="13.947338" m_ty="-14.632154"/>
  </frame>
  <frame idx="925" w="71" h="76" x="0.143040" y="-4.603264">
   <element name="coin_1" layername="coin" frame="0" z_index="3" m_a="1.000000" m_b="0.000000" m_c="0.000000" m_d="1.000000" m_tx="0.000000" m_ty="0.000000"/>
   <element name="coin_1" layername="sparkle" frame="1" z_index="3" m_a="0.044991" m_b="0.089308" m_c="-0.089308" m_d="0.044991" m_tx="12.443143" m_ty="-15.449347"/>
  </frame>
  <frame idx="950" w="71" h="76" x="0.143040" y="-4.603264">
   <element name="coin_1" layername="coin" frame="0" z_index="3" m_a="1.000000" m_b="0.000000" m_c="0.000000" m_d="1.000000" m_tx="0.000000" m_ty="0.000000"/>
   <element name="coin_1" layername="sparkle" frame="1" z_index="3" m_a="0.074110" m_b="0.067139" m_c="-0.067139" m_d="0.074110" m_tx="10.745661" m_ty="-15.670617"/>
  </frame>
  <frame idx="975" w="71" h="76" x="0.143040" y="-4.603264">
   <element name="coin_1" layername="coin" frame="0" z_index="3" m_a="1.000000" m_b="0.000000" m_c="0.000000" m_d="1.000000" m_tx="0.000000" m_ty="0.000000"/>
   <element name="coin_1" layername="sparkle" frame="1" z_index="3" m_a="0.093303" m_b="0.035979" m_c="-0.035979" m_d="0.093303" m_tx="9.082243" m_ty="-15.266329"/>
  </frame>
 </anim>
 <anim name="idle" root="coin_1" numframes="2000" framerate="40">
  <frame idx="0" w="71" h="76" x="0.143040" y="-4.603264">
   <element name="coin_1" layername="coin" frame="0" z_index="3" m_a="1.000000" m_b="0.000000" m_c="0.000000" m_d="1.000000" m_tx="0.000000" m_ty="0.000000"/>
  </frame>
  <frame idx="25" w="71" h="76" x="0.143040" y="-4.603264">
   <element name="coin_1" layername="coin" frame="0" z_index="3" m_a="1.000000" m_b="0.000000" m_c="0.000000" m_d="1.000000" m_tx="0.000000" m_ty="0.000000"/>
  </frame>
  <frame idx="50" w="71" h="76" x="0.143040" y="-4.603264">
   <element name="coin_1" layername="coin" frame="0" z_index="3" m_a="1.000000" m_b="0.000000" m_c="0.000000" m_d="1.000000" m_tx="0.000000" m_ty="0.000000"/>
  </frame>
  <frame idx="75" w="71" h="76" x="0.143040" y="-4.603264">
   <element name="coin_1" layername="coin" frame="0" z_index="3" m_a="1.000000" m_b="0.000000" m_c="0.000000" m_d="1.000000" m_tx="0.000000" m_ty="0.000000"/>
  </frame>
  <frame idx="100" w="71" h="76" x="0.143040" y="-4.603264">
   <element name="coin_1" layername="coin" frame="0" z_index="3" m_a="1.000000" m_b="0.000000" m_c="0.000000" m_d="1.000000" m_tx="0.000000" m_ty="0.000000"/>
  </frame>
  <frame idx="125" w="71" h="76" x="0.143040" y="-4.603264">
   <element name="coin_1" layername="coin" frame="0" z_index="3" m_a="1.000000" m_b="0.000000" m_c="0.000000" m_d="1.000000" m_tx="0.000000" m_ty="0.000000"/>
  </frame>
  <frame idx="150" w="71" h="76" x="0.143040" y="-4.603264">
   <element name="coin_1" layername="coin" frame="0" z_index="3" m_a="1.000000" m_b="0.000000" m_c="0.000000" m_d="1.000000" m_tx="0.000000" m_ty="0.000000"/>
  </frame>
  <frame idx="175" w="71" h="76" x="0.143040" y="-4.603264">
   <element name="coin_1" layername="coin" frame="0" z_index="3" m_a="1.000000" m_b="0.000000" m_c="0.000000" m_d="1.000000" m_tx="0.000000" m_ty="0.000000"/>
  </frame>
  <frame idx="200" w="71" h="76" x="0.143040" y="-4.603264">
   <element name="coin_1" layername="coin" frame="0" z_index="3" m_a="1.000000" m_b="0.000000" m_c="0.000000" m_d="1.000000" m_tx="0.000000" m_ty="0.000000"/>
  </frame>
  <frame idx="225" w="71" h="76" x="0.143040" y="-4.603264">
   <element name="coin_1" layername="coin" frame="0" z_index="3" m_a="1.000000" m_b="0.000000" m_c="0.000000" m_d="1.000000" m_tx="0.000000" m_ty="0.000000"/>
  </frame>
  <frame idx="250" w="71" h="76" x="0.143040" y="-4.603264">
   <element name="coin_1" layername="coin" frame="0" z_index="3" m_a="1.000000" m_b="0.000000" m_c="0.000000" m_d="1.000000" m_tx="0.000000" m_ty="0.000000"/>
  </frame>
  <frame idx="275" w="71" h="76" x="0.143040" y="-4.603264">
   <element name="coin_1" layername="coin" frame="0" z_index="3" m_a="1.000000" m_b="0.000000" m_c="0.000000" m_d="1.000000" m_tx="0.000000" m_ty="0.000000"/>
  </frame>
  <frame idx="300" w="71" h="76" x="0.143040" y="-4.603264">
   <element name="coin_1" layername="coin" frame="0" z_index="3" m_a="1.000000" m_b="0.000000" m_c="0.000000" m_d="1.000000" m_tx="0.000000" m_ty="0.000000"/>
  </frame>
  <frame idx="325" w="71" h="76" x="0.143040" y="-4.603264">
   <element name="coin_1" layername="coin" frame="0" z_index="3" m_a="1.000000" m_b="0.000000" m_c="0.000000" m_d="1.000000" m_tx="0.000000" m_ty="0.000000"/>
  </frame>
  <frame idx="350" w="71" h="76" x="0.143040" y="-4.603264">
   <element name="coin_1" layername="coin" frame="0" z_index="3" m_a="1.000000" m_b="0.000000" m_c="0.000000" m_d="1.000000" m_tx="0.000000" m_ty="0.000000"/>
  </frame>
  <frame idx="375" w="71" h="76" x="0.143040" y="-4.603264">
   <element name="coin_1" layername="coin" frame="0" z_index="3" m_a="1.000000" m_b="0.000000" m_c="0.000000" m_d="1.000000" m_tx="0.000000" m_ty="0.000000"/>
  </frame>
  <frame idx="400" w="71" h="76" x="0.143040" y="-4.603264">
   <element name="coin_1" layername="coin" frame="0" z_index="3" m_a="1.000000" m_b="0.000000" m_c="0.000000" m_d="1.000000" m_tx="0.000000" m_ty="0.000000"/>
  </frame>
  <frame idx="425" w="71" h="76" x="0.143040" y="-4.603264">
   <element name="coin_1" layername="coin" frame="0" z_index="3" m_a="1.000000" m_b="0.000000" m_c="0.000000" m_d="1.000000" m_tx="0.000000" m_ty="0.000000"/>
  </frame>
  <frame idx="450" w="71" h="76" x="0.143040" y="-4.603264">
   <element name="coin_1" layername="coin" frame="0" z_index="3" m_a="1.000000" m_b="0.000000" m_c="0.000000" m_d="1.000000" m_tx="0.000000" m_ty="0.000000"/>
  </frame>
  <frame idx="475" w="71" h="76" x="0.143040" y="-4.603264">
   <element name="coin_1" layername="coin" frame="0" z_index="3" m_a="1.000000" m_b="0.000000" m_c="0.000000" m_d="1.000000" m_tx="0.000000" m_ty="0.000000"/>
  </frame>
  <frame idx="500" w="71" h="76" x="0.143040" y="-4.603264">
   <element name="coin_1" layername="coin" frame="0" z_index="3" m_a="1.000000" m_b="0.000000" m_c="0.000000" m_d="1.000000" m_tx="0.000000" m_ty="0.000000"/>
  </frame>
  <frame idx="525" w="71" h="76" x="0.143040" y="-4.603264">
   <element name="coin_1" layername="coin" frame="0" z_index="3" m_a="1.000000" m_b="0.000000" m_c="0.000000" m_d="1.000000" m_tx="0.000000" m_ty="0.000000"/>
  </frame>
  <frame idx="550" w="71" h="76" x="0.143040" y="-4.603264">
   <element name="coin_1" layername="coin" frame="0" z_index="3" m_a="1.000000" m_b="0.000000" m_c="0.000000" m_d="1.000000" m_tx="0.000000" m_ty="0.000000"/>
  </frame>
  <frame idx="575" w="71" h="76" x="0.143040" y="-4.603264">
   <element name="coin_1" layername="coin" frame="0" z_index="3" m_a="1.000000" m_b="0.000000" m_c="0.000000" m_d="1.000000" m_tx="0.000000" m_ty="0.000000"/>
  </frame>
  <frame idx="600" w="71" h="76" x="0.143040" y="-4.603264">
   <element name="coin_1" layername="coin" frame="0" z_index="3" m_a="1.000000" m_b="0.000000" m_c="0.000000" m_d="1.000000" m_tx="0.000000" m_ty="0.000000"/>
  </frame>
  <frame idx="625" w="71" h="76" x="0.143040" y="-4.603264">
   <element name="coin_1" layername="coin" frame="0" z_index="3" m_a="1.000000" m_b="0.000000" m_c="0.000000" m_d="1.000000" m_tx="0.000000" m_ty="0.000000"/>
  </frame>
  <frame idx="650" w="71" h="76" x="0.143040" y="-4.603264">
   <element name="coin_1" layername="coin" frame="0" z_index="3" m_a="1.000000" m_b="0.000000" m_c="0.000000" m_d="1.000000" m_tx="0.000000" m_ty="0.000000"/>
  </frame>
  <frame idx="675" w="71" h="76" x="0.143040" y="-4.603264">
   <element name="coin_1" layername="coin" frame="0" z_index="3" m_a="1.000000" m_b="0.000000" m_c="0.000000" m_d="1.000000" m_tx="0.000000" m_ty="0.000000"/>
  </frame>
  <frame idx="700" w="71" h="76" x="0.143040" y="-4.603264">
   <element name="coin_1" layername="coin" frame="0" z_index="3" m_a="1.000000" m_b="0.000000" m_c="0.000000" m_d="1.000000" m_tx="0.000000" m_ty="0.000000"/>
  </frame>
  <frame idx="725" w="71" h="76" x="0.143040" y="-4.603264">
   <element name="coin_1" layername="coin" frame="0" z_index="3" m_a="1.000000" m_b="0.000000" m_c="0.000000" m_d="1.000000" m_tx="0.000000" m_ty="0.000000"/>
  </frame>
  <frame idx="750" w="71" h="76" x="0.143040" y="-4.603264">
   <element name="coin_1" layername="coin" frame="0" z_index="3" m_a="1.000000" m_b="0.000000" m_c="0.000000" m_d="1.000000" m_tx="0.000000" m_ty="0.000000"/>
  </frame>
  <frame idx="775" w="71" h="76" x="0.143040" y="-4.603264">
   <element name="coin_1" layername="coin" frame="0" z_index="3" m_a="1.000000" m_b="0.000000" m_c="0.000000" m_d="1.000000" m_tx="0.000000" m_ty="0.000000"/>
  </frame>
  <frame idx="800" w="71" h="76" x="0.143040" y="-4.603264">
   <element name="coin_1" layername="coin" frame="0" z_index="3" m_a="1.000000" m_b="0.000000" m_c="0.000000" m_d="1.000000" m_tx="0.000000" m_ty="0.000000"/>
  </frame>
  <frame idx="825" w="71" h="76" x="0.143040" y="-4.603264">
   <element name="coin_1" layername="coin" frame="0" z_index="3" m_a="1.000000" m_b="0.000000" m_c="0.000000" m_d="1.000000" m_tx="0.000000" m_ty="0.000000"/>
  </frame>
  <frame idx="850" w="71" h="76" x="0.143040" y="-4.603264">
   <element name="coin_1" layername="coin" frame="0" z_index="3" m_a="1.000000" m_b="0.000000" m_c="0.000000" m_d="1.000000" m_tx="0.000000" m_ty="0.000000"/>
  </frame>
  <frame idx="875" w="71" h="76" x="0.143040" y="-4.603264">
   <element name="coin_1" layername="coin" frame="0" z_index="3" m_a="1.000000" m_b="0.000000" m_c="0.000000" m_d="1.000000" m_tx="0.000000" m_ty="0.000000"/>
  </frame>
  <frame idx="900" w="71" h="76" x="0.143040" y="-4.603264">
   <element name="coin_1" layername="coin" frame="0" z_index="3" m_a="1.000000" m_b="0.000000" m_c="0.000000" m_d="1.000000" m_tx="0.000000" m_ty="0.000000"/>
  </frame>
  <frame idx="925" w="71" h="76" x="0.143040" y="-4.603264">
   <element name="coin_1" layername="coin" frame="0" z_index="3" m_a="1.000000" m_b="0.000000" m_c="0.000000" m_d="1.000000" m_tx="0.000000" m_ty="0.000000"/>
  </frame>
  <frame idx="950" w="71" h="76" x="0.143040" y="-4.603264">
   <element name="coin_1" layername="coin" frame="0" z_index="3" m_a="1.000000" m_b="0.000000" m_c="0.000000" m_d="1.000000" m_tx="0.000000" m_ty="0.000000"/>
  </frame>
  <frame idx="975" w="71" h="76" x="0.143040" y="-4.603264">
   <element name="coin_1" layername="coin" frame="0" z_index="3" m_a="1.000000" m_b="0.000000" m_c="0.000000" m_d="1.000000" m_tx="0.000000" m_ty="0.000000"/>
  </frame>
  <frame idx="1000" w="71" h="76" x="0.143040" y="-4.603264">
   <element name="coin_1" layername="coin" frame="0" z_index="3" m_a="1.000000" m_b="0.000000" m_c="0.000000" m_d="1.000000" m_tx="0.000000" m_ty="0.000000"/>
  </frame>
  <frame idx="1025" w="71" h="76" x="0.143040" y="-4.603264">
   <element name="coin_1" layername="coin" frame="0" z_index="3" m_a="1.000000" m_b="0.000000" m_c="0.000000" m_d="1.000000" m_tx="0.000000" m_ty="0.000000"/>
  </frame>
  <frame idx="1050" w="71" h="76" x="0.143040" y="-4.603264">
   <element name="coin_1" layername="coin" frame="0" z_index="3" m_a="1.000000" m_b="0.000000" m_c="0.000000" m_d="1.000000" m_tx="0.000000" m_ty="0.000000"/>
  </frame>
  <frame idx="1075" w="71" h="76" x="0.143040" y="-4.603264">
   <element name="coin_1" layername="coin" frame="0" z_index="3" m_a="1.000000" m_b="0.000000" m_c="0.000000" m_d="1.000000" m_tx="0.000000" m_ty="0.000000"/>
  </frame>
  <frame idx="1100" w="71" h="76" x="0.143040" y="-4.603264">
   <element name="coin_1" layername="coin" frame="0" z_index="3" m_a="1.000000" m_b="0.000000" m_c="0.000000" m_d="1.000000" m_tx="0.000000" m_ty="0.000000"/>
  </frame>
  <frame idx="1125" w="71" h="76" x="0.143040" y="-4.603264">
   <element name="coin_1" layername="coin" frame="0" z_index="3" m_a="1.000000" m_b="0.000000" m_c="0.000000" m_d="1.000000" m_tx="0.000000" m_ty="0.000000"/>
  </frame>
  <frame idx="1150" w="71" h="76" x="0.143040" y="-4.603264">
   <element name="coin_1" layername="coin" frame="0" z_index="3" m_a="1.000000" m_b="0.000000" m_c="0.000000" m_d="1.000000" m_tx="0.000000" m_ty="0.000000"/>
  </frame>
  <frame idx="1175" w="71" h="76" x="0.143040" y="-4.603264">
   <element name="coin_1" layername="coin" frame="0" z_index="3" m_a="1.000000" m_b="0.000000" m_c="0.000000" m_d="1.000000" m_tx="0.000000" m_ty="0.000000"/>
  </frame>
  <frame idx="1200" w="71" h="76" x="0.143040" y="-4.603264">
   <element name="coin_1" layername="coin" frame="0" z_index="3" m_a="1.000000" m_b="0.000000" m_c="0.000000" m_d="1.000000" m_tx="0.000000" m_ty="0.000000"/>
  </frame>
  <frame idx="1225" w="71" h="76" x="0.143040" y="-4.603264">
   <element name="coin_1" layername="coin" frame="0" z_index="3" m_a="1.000000" m_b="0.000000" m_c="0.000000" m_d="1.000000" m_tx="0.000000" m_ty="0.000000"/>
  </frame>
  <frame idx="1250" w="71" h="76" x="0.143040" y="-4.603264">
   <element name="coin_1" layername="coin" frame="0" z_index="3" m_a="1.000000" m_b="0.000000" m_c="0.000000" m_d="1.000000" m_tx="0.000000" m_ty="0.000000"/>
  </frame>
  <frame idx="1275" w="71" h="76" x="0.143040" y="-4.603264">
   <element name="coin_1" layername="coin" frame="0" z_index="3" m_a="1.000000" m_b="0.000000" m_c="0.000000" m_d="1.000000" m_tx="0.000000" m_ty="0.000000"/>
  </frame>
  <frame idx="1300" w="71" h="76" x="0.143040" y="-4.603264">
   <element name="coin_1" layername="coin" frame="0" z_index="3" m_a="1.000000" m_b="0.000000" m_c="0.000000" m_d="1.000000" m_tx="0.000000" m_ty="0.000000"/>
  </frame>
  <frame idx="1325" w="71" h="76" x="0.143040" y="-4.603264">
   <element name="coin_1" layername="coin" frame="0" z_index="3" m_a="1.000000" m_b="0.000000" m_c="0.000000" m_d="1.000000" m_tx="0.000000" m_ty="0.000000"/>
  </frame>
  <frame idx="1350" w="71" h="76" x="0.143040" y="-4.603264">
   <element name="coin_1" layername="coin" frame="0" z_index="3" m_a="1.000000" m_b="0.000000" m_c="0.000000" m_d="1.000000" m_tx="0.000000" m_ty="0.000000"/>
  </frame>
  <frame idx="1375" w="71" h="76" x="0.143040" y="-4.603264">
   <element name="coin_1" layername="coin" frame="0" z_index="3" m_a="1.000000" m_b="0.000000" m_c="0.000000" m_d="1.000000" m_tx="0.000000" m_ty="0.000000"/>
  </frame>
  <frame idx="1400" w="71" h="76" x="0.143040" y="-4.603264">
   <element name="coin_1" layername="coin" frame="0" z_index="3" m_a="1.000000" m_b="0.000000" m_c="0.000000" m_d="1.000000" m_tx="0.000000" m_ty="0.000000"/>
  </frame>
  <frame idx="1425" w="71" h="76" x="0.143040" y="-4.603264">
   <element name="coin_1" layername="coin" frame="0" z_index="3" m_a="1.000000" m_b="0.000000" m_c="0.000000" m_d="1.000000" m_tx="0.000000" m_ty="0.000000"/>
  </frame>
  <frame idx="1450" w="71" h="76" x="0.143040" y="-4.603264">
   <element name="coin_1" layername="coin" frame="0" z_index="3" m_a="1.000000" m_b="0.000000" m_c="0.000000" m_d="1.000000" m_tx="0.000000" m_ty="0.000000"/>
  </frame>
  <frame idx="1475" w="71" h="76" x="0.143040" y="-4.603264">
   <element name="coin_1" layername="coin" frame="0" z_index="3" m_a="1.000000" m_b="0.000000" m_c="0.000000" m_d="1.000000" m_tx="0.000000" m_ty="0.000000"/>
  </frame>
  <frame idx="1500" w="71" h="76" x="0.143040" y="-4.603264">
   <element name="coin_1" layername="coin" frame="0" z_index="3" m_a="1.000000" m_b="0.000000" m_c="0.000000" m_d="1.000000" m_tx="0.000000" m_ty="0.000000"/>
  </frame>
  <frame idx="1525" w="71" h="76" x="0.143040" y="-4.603264">
   <element name="coin_1" layername="coin" frame="0" z_index="3" m_a="1.000000" m_b="0.000000" m_c="0.000000" m_d="1.000000" m_tx="0.000000" m_ty="0.000000"/>
  </frame>
  <frame idx="1550" w="71" h="76" x="0.143040" y="-4.603264">
   <element name="coin_1" layername="coin" frame="0" z_index="3" m_a="1.000000" m_b="0.000000" m_c="0.000000" m_d="1.000000" m_tx="0.000000" m_ty="0.000000"/>
  </frame>
  <frame idx="1575" w="71" h="76" x="0.143040" y="-4.603264">
   <element name="coin_1" layername="coin" frame="0" z_index="3" m_a="1.000000" m_b="0.000000" m_c="0.000000" m_d="1.000000" m_tx="0.000000" m_ty="0.000000"/>
  </frame>
  <frame idx="1600" w="71" h="76" x="0.143040" y="-4.603264">
   <element name="coin_1" layername="coin" frame="0" z_index="3" m_a="1.000000" m_b="0.000000" m_c="0.000000" m_d="1.000000" m_tx="0.000000" m_ty="0.000000"/>
  </frame>
  <frame idx="1625" w="71" h="76" x="0.143040" y="-4.603264">
   <element name="coin_1" layername="coin" frame="0" z_index="3" m_a="1.000000" m_b="0.000000" m_c="0.000000" m_d="1.000000" m_tx="0.000000" m_ty="0.000000"/>
  </frame>
  <frame idx="1650" w="71" h="76" x="0.143040" y="-4.603264">
   <element name="coin_1" layername="coin" frame="0" z_index="3" m_a="1.000000" m_b="0.000000" m_c="0.000000" m_d="1.000000" m_tx="0.000000" m_ty="0.000000"/>
  </frame>
  <frame idx="1675" w="71" h="76" x="0.143040" y="-4.603264">
   <element name="coin_1" layername="coin" frame="0" z_index="3" m_a="1.000000" m_b="0.000000" m_c="0.000000" m_d="1.000000" m_tx="0.000000" m_ty="0.000000"/>
  </frame>
  <frame idx="1700" w="71" h="76" x="0.143040" y="-4.603264">
   <element name="coin_1" layername="coin" frame="0" z_index="3" m_a="1.000000" m_b="0.000000" m_c="0.000000" m_d="1.000000" m_tx="0.000000" m_ty="0.000000"/>
  </frame>
  <frame idx="1725" w="71" h="76" x="0.143040" y="-4.603264">
   <element name="coin_1" layername="coin" frame="0" z_index="3" m_a="1.000000" m_b="0.000000" m_c="0.000000" m_d="1.000000" m_tx="0.000000" m_ty="0.000000"/>
  </frame>
  <frame idx="1750" w="71" h="76" x="0.143040" y="-4.603264">
   <element name="coin_1" layername="coin" frame="0" z_index="3" m_a="1.000000" m_b="0.000000" m_c="0.000000" m_d="1.000000" m_tx="0.000000" m_ty="0.000000"/>
  </frame>
  <frame idx="1775" w="71" h="76" x="0.143040" y="-4.603264">
   <element name="coin_1" layername="coin" frame="0" z_index="3" m_a="1.000000" m_b="0.000000" m_c="0.000000" m_d="1.000000" m_tx="0.000000" m_ty="0.000000"/>
  </frame>
  <frame idx="1800" w="71" h="76" x="0.143040" y="-4.603264">
   <element name="coin_1" layername="coin" frame="0" z_index="3" m_a="1.000000" m_b="0.000000" m_c="0.000000" m_d="1.000000" m_tx="0.000000" m_ty="0.000000"/>
  </frame>
  <frame idx="1825" w="71" h="76" x="0.143040" y="-4.603264">
   <element name="coin_1" layername="coin" frame="0" z_index="3" m_a="1.000000" m_b="0.000000" m_c="0.000000" m_d="1.000000" m_tx="0.000000" m_ty="0.000000"/>
  </frame>
  <frame idx="1850" w="71" h="76" x="0.143040" y="-4.603264">
   <element name="coin_1" layername="coin" frame="0" z_index="3" m_a="1.000000" m_b="0.000000" m_c="0.000000" m_d="1.000000" m_tx="0.000000" m_ty="0.000000"/>
  </frame>
  <frame idx="1875" w="71" h="76" x="0.143040" y="-4.603264">
   <element name="coin_1" layername="coin" frame="0" z_index="3" m_a="1.000000" m_b="0.000000" m_c="0.000000" m_d="1.000000" m_tx="0.000000" m_ty="0.000000"/>
  </frame>
  <frame idx="1900" w="71" h="76" x="0.143040" y="-4.603264">
   <element name="coin_1" layername="coin" frame="0" z_index="3" m_a="1.000000" m_b="0.000000" m_c="0.000000" m_d="1.000000" m_tx="0.000000" m_ty="0.000000"/>
  </frame>
  <frame idx="1925" w="71" h="76" x="0.143040" y="-4.603264">
   <element name="coin_1" layername="coin" frame="0" z_index="3" m_a="1.000000" m_b="0.000000" m_c="0.000000" m_d="1.000000" m_tx="0.000000" m_ty="0.000000"/>
  </frame>
  <frame idx="1950" w="71" h="76" x="0.143040" y="-4.603264">
   <element name="coin_1" layername="coin" frame="0" z_index="3" m_a="1.000000" m_b="0.000000" m_c="0.000000" m_d="1.000000" m_tx="0.000000" m_ty="0.000000"/>
  </frame>
  <frame idx="1975" w="71" h="76" x="0.143040" y="-4.603264">
   <element name="coin_1" layername="coin" frame="0" z_index="3" m_a="1.000000" m_b="0.000000" m_c="0.000000" m_d="1.000000" m_tx="0.000000" m_ty="0.000000"/>
  </frame>
 </anim>
</Anims>
